38751,0,Myitkyina,97.234444,24.255,"24? 15' 18""",Kachin,,0,38751,97.234444,24.255,POINT,(97.234444,24.255),24161,12417,16793,1372,9820,1012,1198,40.6440130789,,
2301,1,Myitkyina,98.130278,25.883056,"25? 52' 59""",Kachin,,0,2301,98.130278,25.883056,POINT,(98.130278,25.883056),3306,709,1431,64,811,58,10,24.5311554749,,
7281,2,Myitkyina,97.85,25.866667,"25? 51' 60""",Kachin,,0,7281,97.85,25.866667,POINT,(97.84999999999999,25.866667),285,115,58,5,22,3,1,7.7192982456,,
1551,3,Myitkyina,97.589444,27.283889,"27? 17' 02""",Kachin,,0,1551,97.589444,27.283889,POINT,(97.589444,27.283889),1719,517,403,16,106,22,3,6.1663757999,,
8054,4,Myitkyina,97.293056,24.119722,"24? 07' 11""",Kachin,,0,8054,97.293056,24.119722,POINT,(97.29305600000001,24.119722),10554,4004,6809,714,2997,133,43,28.3968163729,,
35438,5,Myitkyina,96.940278,25.302778,"25? 18' 10""",Kachin,,0,35438,96.940278,25.302778,POINT,(96.94027800000001,25.302778),24898,10177,15893,1814,9016,594,999,36.2117439152,,
28803,6,Myitkyina,96.373333,24.779167,"24? 46' 45""",Kachin,,0,28803,96.373333,24.779167,POINT,(96.373333,24.779167),39622,20119,26357,2485,15827,1030,1476,39.9449800616,,
34000,7,Myitkyina,97.345833,24.256111,"24? 15' 22""",Kachin,,0,34000,97.345833,24.256111,POINT,(97.345833,24.256111),12370,3710,7388,810,3103,253,93,25.0848827809,,
17380,8,Myitkyina,97.415833,27.299444,"27? 17' 58""",Kachin,,0,17380,97.415833,27.299444,POINT,(97.41583300000001,27.299444),10743,2623,2767,123,1151,196,44,10.7139532719,,
43904,9,Myitkyina,96.806111,24.206944,"24? 12' 25""",Kachin,,0,43904,96.806111,24.206944,POINT,(96.806111,24.206944),16621,5902,9823,787,3995,250,442,24.0358582516,,
909,10,Myitkyina,97.567778,26.543611,"26? 32' 37""",Kachin,,0,909,97.567778,26.543611,POINT,(97.567778,26.543611),479,333,166,14,45,9,0,9.3945720251,,
2165,11,Myitkyina,96.716667,26.358056,"26? 21' 29""",Kachin,,0,2165,96.716667,26.358056,POINT,(96.716667,26.358056),8528,3516,4406,444,2556,176,409,29.9718574109,,
1530,12,Myitkyina,98.270833,26.153056,"26? 09' 11""",Kachin,,0,1530,98.270833,26.153056,POINT,(98.270833,26.153056),1073,390,253,2,34,8,1,3.1686859273,,
20933,13,Myitkyina,97.442778,25.351111,"25? 21' 04""",Kachin,,0,20933,97.442778,25.351111,POINT,(97.442778,25.351111),22860,10051,10541,1416,5880,474,525,25.7217847769,,
77286,14,Loikaw,97.21,19.674167,"19? 40' 27""",Kayah,KayahState,2,77286,97.21,19.674167,POINT,(97.20999999999999,19.674167),26495,8272,18183,1478,12646,1498,2158,47.7297603321,,
4904,15,Loikaw,97.337222,19.174167,"19? 10' 27""",Kayah,,0,4904,97.337222,19.174167,POINT,(97.337222,19.174167),2081,707,1059,53,28,46,3,1.3455069678,,
5578,16,Loikaw,97.158889,19.538333,"19? 32' 18""",Kayah,,0,5578,97.158889,19.538333,POINT,(97.158889,19.538333),15347,4284,7335,448,2873,220,207,18.7202710627,,
2933,17,Loikaw,97.315833,18.870556,"18? 52' 14""",Kayah,,0,2933,97.315833,18.870556,POINT,(97.315833,18.870556),4733,1161,2422,137,127,45,19,2.6832875555,,
3269,18,Loikaw,97.122778,19.413333,"19? 24' 48""",Kayah,,0,3269,97.122778,19.413333,POINT,(97.122778,19.413333),5910,1545,1361,59,350,48,4,5.9221658206,,
934,19,Loikaw,97.664444,18.670556,"18? 40' 14""",Kayah,,0,934,97.664444,18.670556,POINT,(97.664444,18.670556),1302,493,669,3,11,4,1,0.8448540707,,
1478,20,Loikaw,97.520833,19.631667,"19? 37' 54""",Kayah,,0,1478,97.520833,19.631667,POINT,(97.520833,19.631667),1406,217,217,19,10,8,1,0.7112375533,,
3,21,Hpa-An,97143,97.636944,"16? 52' 51""",Kayin,Kayin,State,3,97143,97.636944,16.880833,POINT,(97.636944,16.880833),6502,1626,2266,101,1482,90,66,22.7929867733,
34200,22,Hpa-An,97.445,18.065,"18? 03' 54""",Kayin,,0,34200,97.445,18.065,POINT,(97.44499999999999,18.065),6502,1626,2266,101,1482,90,66,22.7929867733,,
28735,23,Hpa-An,97.818611,17.125833,"17? 07' 33""",Kayin,,0,28735,97.818611,17.125833,POINT,(97.818611,17.125833),53120,8551,16968,1660,4942,456,151,9.3034638554,,
111899,24,Hpa-An,98.24,16.555556,"16? 33' 20""",Kayin,,0,111899,98.24,16.555556,POINT,(98.23999999999999,16.555556),45498,12914,22157,1989,9032,1067,1036,19.8514220405,,
71906,25,Hpa-An,98.516667,16.683333,"16? 40' 60""",Kayin,,0,71906,98.516667,16.683333,POINT,(98.516667,16.683333),44016,7383,25119,1996,22393,1869,991,50.8746819338,,
4,26,Hakha,27607,93.604722,"22? 38' 24""",Chin,Chin,State,4,27607,93.604722,22.64,POINT,(93.604722,22.64),9917,1827,5058,1378,4889,482,374,49.2991832207,
7634,27,Hakha,93.680278,22.911111,"22? 54' 40""",Chin,,0,7634,93.680278,22.911111,POINT,(93.680278,22.911111),9626,1661,4136,602,3547,241,245,36.8481196759,,
3473,28,Hakha,94.056667,21.193333,"21? 11' 36""",Chin,,0,3473,94.056667,21.193333,POINT,(94.056667,21.193333),3977,1450,497,54,306,57,6,7.6942418909,,
8996,29,Hakha,93.973611,21.371667,"21? 22' 18""",Chin,,0,8996,93.973611,21.371667,POINT,(93.97361100000001,21.371667),8522,2939,1988,377,2084,142,106,24.4543534382,,
6436,30,Hakha,92.854722,21.304444,"21? 18' 16""",Chin,,0,6436,92.854722,21.304444,POINT,(92.854722,21.304444),19516,4191,2204,123,286,154,27,1.4654642345,,
9474,31,Hakha,93.69175,23.603064,"23? 36' 11.03""",Chin,,0,9474,93.69175,23.603064,POINT,(93.69175,23.603064),4941,596,1016,83,371,78,26,7.5086014977,,
5,32,Mawlamyine,197827,97.625833,"16? 29' 05""",Mon,Mon,State,5,197827,97.625833,16.484722,POINT,(97.625833,16.484722),57457,15312,45142,3732,34727,4033,7219,60.4399812033,
15497,33,Mawlamyine,97.239444,17.22,"17? 13' 12""",Mon,,0,15497,97.239444,17.22,POINT,(97.23944400000001,17.22),39231,13128,16953,1230,8892,429,592,22.665749025,,
35245,34,Mawlamyine,97.550556,16.351111,"16? 21' 04""",Mon,,0,35245,97.550556,16.351111,POINT,(97.550556,16.351111),27944,13726,17171,1335,8744,476,910,31.291153736,,
11985,35,Mawlamyine,97.724167,16.370556,"16? 22' 14""",Mon,,0,11985,97.724167,16.370556,POINT,(97.72416699999999,16.370556),38888,10530,21832,1702,8573,472,797,22.0453610368,,
27646,36,Mawlamyine,97.02,17.311667,"17? 18' 42""",Mon,,0,27646,97.02,17.311667,POINT,(97.02,17.311667),38088,12212,19132,1636,12015,794,722,31.54536862,,
62696,37,Mawlamyine,97.724722,16.258056,"16? 15' 29""",Mon,,0,62696,97.724722,16.258056,POINT,(97.724722,16.258056),39312,14838,28907,1705,16245,971,605,41.3232600733,,
30511,38,Mawlamyine,97.456667,16.616667,"16? 37' 00""",Mon,,0,30511,97.456667,16.616667,POINT,(97.456667,16.616667),43726,15860,26958,1914,13038,676,1599,29.8174998857,,
47068,39,Mawlamyine,97.733333,15.966667,"15? 58' 00""",Mon,,0,47068,97.733333,15.966667,POINT,(97.733333,15.966667),36234,11377,23962,1991,12169,1018,1505,33.5844786664,,
68730,40,Mawlamyine,97.367778,16.919722,"16? 55' 11""",Mon,,0,68730,97.367778,16.919722,POINT,(97.367778,16.919722),48284,16137,25502,2002,14961,1070,1384,30.9854196007,,
97692,41,Mawlamyine,97.854167,15.251944,"15? 15' 07""",Mon,,0,97692,97.854167,15.251944,POINT,(97.854167,15.251944),53448,14593,32909,2152,15150,1087,1113,28.3453075887,,
6,42,Sittwe,728529,92.885556,"20? 08' 14""",Rakhine,Rakhine,State,6,728529,92.885556,20.137222,POINT,(92.88555599999999,20.137222),29036,9556,13522,1500,12905,1608,2716,44.4448271112,
7225,43,Sittwe,94.047778,19.795278,"19? 47' 43""",Rakhine,,0,7225,94.047778,19.795278,POINT,(94.04777799999999,19.795278),27359,7008,5744,876,3937,232,199,14.3901458387,,
28790,44,Sittwe,92.525,20.875,"20? 52' 30""",Rakhine,,0,28790,92.525,20.875,POINT,(92.52500000000001,20.875),11264,3097,2655,259,2578,199,398,22.8870738636,,
37387,45,Sittwe,94.58,17.593611,"17? 35' 37""",Rakhine,,0,37387,94.58,17.593611,POINT,(94.58,17.593611),17326,7757,5286,620,2826,204,567,16.3107468544,,
36646,46,Sittwe,93.554444,19.423889,"19? 25' 26""",Rakhine,,0,36646,93.554444,19.423889,POINT,(93.554444,19.423889),37264,9487,9301,930,5937,466,392,15.9322670674,,
82900,47,Sittwe,92.972778,20.843889,"20? 50' 38""",Rakhine,,0,82900,92.972778,20.843889,POINT,(92.97277800000001,20.843889),36495,11255,6813,975,4977,355,584,13.6374845869,,
56682,48,Sittwe,92.367778,20.818889,"20? 49' 08""",Rakhine,,0,56682,92.367778,20.818889,POINT,(92.367778,20.818889),7896,2096,2246,276,2537,298,361,32.1301925025,,
102612,49,Sittwe,93.272778,20.364444,"20? 21' 52""",Rakhine,,0,102612,93.272778,20.364444,POINT,(93.272778,20.364444),36628,8927,5709,743,3271,253,408,8.9303265262,,
51949,50,Sittwe,93.188333,20.591944,"20? 35' 31""",Rakhine,,0,51949,93.188333,20.591944,POINT,(93.188333,20.591944),41525,11303,7258,1004,4070,343,481,9.8013245033,,
49804,51,Sittwe,93.721389,18.855,"18? 51' 18""",Rakhine,,0,49804,93.721389,18.855,POINT,(93.721389,18.855),14735,5446,2868,331,2405,117,127,16.3216830675,,
14826,52,Sittwe,93.373889,20.046667,"20? 02' 48""",Rakhine,,0,14826,93.373889,20.046667,POINT,(93.37388900000001,20.046667),31339,9612,5296,569,2496,219,358,7.9645170554,,
18576,53,Sittwe,93.068056,20.181111,"20? 10' 52""",Rakhine,,0,18576,93.068056,20.181111,POINT,(93.068056,20.181111),30544,7341,4080,595,2285,100,180,7.4810110005,,
10824,54,Sittwe,93.004167,20.331944,"20? 19' 55""",Rakhine,,0,10824,93.004167,20.331944,POINT,(93.004167,20.331944),25335,6581,3673,521,2149,108,153,8.4823366884,,
63716,55,Sittwe,93.858889,19.087778,"19? 05' 16""",Rakhine,,0,63716,93.858889,19.087778,POINT,(93.858889,19.087778),22418,6745,1705,233,1979,108,173,8.8277277188,,
29272,56,Sittwe,92.754167,20.488333,"20? 29' 18""",Rakhine,,0,29272,92.754167,20.488333,POINT,(92.754167,20.488333),24341,7399,4000,994,3679,225,277,15.1144160059,,
56941,57,Sittwe,94.360833,18.461111,"18? 27' 40""",Rakhine,,0,56941,94.360833,18.461111,POINT,(94.360833,18.461111),31075,14890,11746,1223,8705,544,1910,28.0128720837,,
29112,58,Sittwe,94.239722,18.853611,"18? 51' 13""",Rakhine,,0,29112,94.239722,18.853611,POINT,(94.239722,18.853611),35192,13717,9744,1237,6101,367,851,17.3363264378,,
(South),59,Taunggyi,7,150961,"20? 46' 29""",Shan,Shan,State,(South),7,150961,97.036111,20.774722,POINT,(97.03611100000001,20.774722),94869,32301,68277,6981,50760,6796,9960,53.5053600228
16764,60,Taunggyi,97.170278,20.7975,"20? 47' 51""",Shan,,0,16764,97.170278,20.7975,POINT,(97.170278,20.7975),24728,5083,11272,799,5192,358,631,20.9964412811,,
10168,61,Taunggyi,97.250556,20.157778,"20? 09' 28""",Shan,,0,10168,97.250556,20.157778,POINT,(97.250556,20.157778),32771,8087,16568,1042,4755,325,580,14.5097799884,,
9377,62,Taunggyi,98.423889,21.301111,"21? 18' 04""",Shan,,0,9377,98.423889,21.301111,POINT,(98.423889,21.301111),11137,1866,5216,461,3180,277,515,28.5534704139,,
3375,63,Taunggyi,97.819444,21.925278,"21? 55' 31""",Shan,,0,3375,97.819444,21.925278,POINT,(97.819444,21.925278),14712,3387,5918,354,1033,165,53,7.0214790647,,
17985,64,Taunggyi,97.665,21.270278,"21? 16' 13""",Shan,,0,17985,97.665,21.270278,POINT,(97.66500000000001,21.270278),8790,1348,5191,576,2298,244,165,26.1433447099,,
7213,65,Taunggyi,98.003611,20.342222,"20? 20' 32""",Shan,,0,7213,98.003611,20.342222,POINT,(98.00361100000001,20.342222),9548,2480,5478,663,3401,294,449,35.6200251362,,
24113,66,Taunggyi,96.865278,21.246667,"21? 14' 48""",Shan,,0,24113,96.865278,21.246667,POINT,(96.865278,21.246667),34107,13093,20674,901,9771,613,650,28.6480781071,,
24684,67,Taunggyi,97.565833,20.925278,"20? 55' 31""",Shan,,0,24684,97.565833,20.925278,POINT,(97.565833,20.925278),25417,3358,14455,591,6893,724,1529,27.1196443325,,
5466,68,Taunggyi,97.723611,20.230556,"20? 13' 50""",Shan,,0,5466,97.723611,20.230556,POINT,(97.72361100000001,20.230556),7194,701,1687,20,262,56,10,3.6419238254,,
13877,69,Taunggyi,98.360556,21.905,"21? 54' 18""",Shan,,0,13877,98.360556,21.905,POINT,(98.360556,21.905),15867,3805,7211,160,3482,206,525,21.9449171236,,
35692,70,Taunggyi,97.871111,20.513611,"20? 30' 49""",Shan,,0,35692,97.871111,20.513611,POINT,(97.871111,20.513611),8485,1540,4819,56,1821,278,264,21.461402475,,
10327,71,Taunggyi,98.354167,20.318889,"20? 19' 08""",Shan,,0,10327,98.354167,20.318889,POINT,(98.354167,20.318889),5421,1240,2804,117,2373,252,180,43.7742114001,,
26715,72,Taunggyi,97.720278,20.889167,"20? 53' 21""",Shan,,0,26715,97.720278,20.889167,POINT,(97.72027799999999,20.889167),23227,4644,13486,830,7699,741,1047,33.1467688466,,
15243,73,Taunggyi,96.931944,20.659444,"20? 39' 34""",Shan,,0,15243,96.931944,20.659444,POINT,(96.931944,20.659444),42634,13801,23640,810,14973,669,1604,35.1198573908,,
12642,74,Taunggyi,97.008333,19.863611,"19? 51' 49""",Shan,,0,12642,97.008333,19.863611,POINT,(97.00833299999999,19.863611),20084,6399,10762,800,4315,381,316,21.4847639912,,
10015,75,Taunggyi,96.662778,20.941667,"20? 56' 30""",Shan,,0,10015,96.662778,20.941667,POINT,(96.662778,20.941667),17544,7324,8862,348,2849,226,136,16.2391700866,,
66948,76,Taunggyi,96.782222,20.124444,"20? 07' 28""",Shan,,0,66948,96.782222,20.124444,POINT,(96.782222,20.124444),42083,8029,22096,979,9832,520,1416,23.3633533731,,
4073,77,Taunggyi,96.442222,21.162778,"21? 09' 46""",Shan,,0,4073,96.442222,21.162778,POINT,(96.442222,21.162778),18348,8890,4781,219,2207,81,152,12.028558971,,
(North),78,Lashio,8,172089,"22? 57' 10""",Shan,Shan,State,(North),8,172089,97.7475,22.952778,POINT,(97.7475,22.952778),64932,15307,44205,4330,30118,3910,6087,46.3839093205
36730,79,Lashio,98.750278,23.425556,"23? 25' 32""",Shan,,0,36730,98.750278,23.425556,POINT,(98.75027799999999,23.425556),11216,1432,6228,1059,5078,252,229,45.2746077033,,
48730,80,Lashio,97.973611,23.307222,"23? 18' 26""",Shan,,0,48730,97.973611,23.307222,POINT,(97.97361100000001,23.307222),11779,3031,7407,528,5087,232,524,43.1870277613,,
1561240,81,Lashio,97.298056,22.618889,"22? 37' 08""",Shan,,0,1561240,97.298056,22.618889,POINT,(97.298056,22.618889),37906,7510,18038,1225,10200,553,592,26.9086688123,,
742,82,Lashio,98.539444,23.829444,"23? 49' 46""",Shan,,0,742,98.539444,23.829444,POINT,(98.539444,23.829444),9665,148,3473,1007,4681,77,73,48.4324883601,,
5342,83,Lashio,98.644444,23.407222,"23? 24' 26""",Shan,,0,5342,98.644444,23.407222,POINT,(98.64444399999999,23.407222),10392,1267,6129,1886,2469,216,93,23.7586605081,,
173070,84,Lashio,97.943333,23.459167,"23? 27' 33""",Shan,,0,173070,97.943333,23.459167,POINT,(97.943333,23.459167),32080,6759,14876,2296,6752,492,797,21.0473815461,,
11053,85,Lashio,98.764167,23.691667,"23? 41' 30""",Shan,,0,11053,98.764167,23.691667,POINT,(98.764167,23.691667),15181,792,11704,2028,10775,572,431,70.9768789935,,
2827,86,Lashio,96.629167,23.473056,"23? 28' 23""",Shan,,0,2827,96.629167,23.473056,POINT,(96.629167,23.473056),8632,3880,6117,628,3389,142,165,39.2608897127,,
35504,87,Lashio,97.120278,23.252222,"23? 15' 08""",Shan,,0,35504,97.120278,23.252222,POINT,(97.120278,23.252222),7683,1493,1447,62,421,28,8,5.4796303527,,
96276,88,Lashio,98.9675,22.967222,"22? 58' 02""",Shan,,0,96276,98.9675,22.967222,POINT,(98.9675,22.967222),10445,1254,5355,893,4439,118,73,42.4988032551,,
12398,89,Lashio,96.67,23.114167,"23? 06' 51""",Shan,,0,12398,96.67,23.114167,POINT,(96.67,23.114167),13652,3907,7565,482,3559,166,321,26.069440375,,
50050,90,Lashio,98.039444,22.423611,"22? 25' 25""",Shan,,0,50050,98.039444,22.423611,POINT,(98.039444,22.423611),13328,2245,4855,271,1801,125,189,13.5129051621,,
135720,91,Lashio,97.901667,23.99,"23? 59' 24""",Shan,,0,135720,97.901667,23.99,POINT,(97.901667,23.99),32758,4919,25895,4056,23105,2238,2227,70.5323890347,,
83740,92,Lashio,97.161389,22.964167,"22? 57' 51""",Shan,,0,83740,97.161389,22.964167,POINT,(97.161389,22.964167),13685,3159,5344,316,1338,123,23,9.7771282426,,
59650,93,Lashio,97.400556,23.093611,"23? 05' 37""",Shan,,0,59650,97.400556,23.093611,POINT,(97.40055599999999,23.093611),11641,2794,7341,410,1223,232,56,10.5059702775,,
7266,94,Lashio,96.798889,22.33,"22? 19' 48""",Shan,,0,7266,96.798889,22.33,POINT,(96.798889,22.33),32224,11257,17657,1239,10409,508,1216,32.3020109235,,
11115,95,Lashio,99.150833,22.180278,"22? 10' 49""",Shan,,0,11115,99.150833,22.180278,POINT,(99.15083300000001,22.180278),16457,1598,7980,1012,7158,825,887,43.4951692289,,
41579,96,Lashio,99.315833,23.035,"23? 02' 06""",Shan,,0,41579,99.315833,23.035,POINT,(99.315833,23.035),13969,1065,5123,405,7238,84,58,51.8147326222,,
30256,97,Lashio,98.396667,22.498056,"22? 29' 53""",Shan,,0,30256,98.396667,22.498056,POINT,(98.39666699999999,22.498056),35142,7867,15929,794,3698,424,471,10.5230208867,,
218,98,Kengtaung,98.865833,21.961944,"21? 57' 43""",Shan,,0,218,98.865833,21.961944,POINT,(98.86583299999999,21.961944),3318,810,728,28,150,20,15,4.52079566,,
5734,99,Kengtaung,99.31,22.008333,"22? 00' 30""",Shan,,0,5734,99.31,22.008333,POINT,(99.31,22.008333),6165,2497,3103,262,2354,155,299,38.1832927818,,
4449,100,Kengtaung,99.247222,20.505556,"20? 30' 20""",Shan,,0,4449,99.247222,20.505556,POINT,(99.24722199999999,20.505556),19111,2279,8141,594,3320,377,368,17.3721940244,,
32908,101,Kengtaung,99.463889,21.75,"21? 44' 60""",Shan,,0,32908,99.463889,21.75,POINT,(99.46388899999999,21.75),8025,637,2515,233,920,55,26,11.4641744548,,
7513,102,Kengtaung,100.018611,21.672778,"21? 40' 22""",Shan,,0,7513,100.018611,21.672778,POINT,(100.018611,21.672778),5208,428,3506,453,2891,326,590,55.5107526882,,
14123,103,Kengtaung,99.026111,21.350278,"21? 21' 01""",Shan,,0,14123,99.026111,21.350278,POINT,(99.026111,21.350278),13299,2112,4238,277,2199,149,149,16.5350778254,,
3280,104,Kengtaung,98.9,20.303611,"20? 18' 13""",Shan,,0,3280,98.9,20.303611,POINT,(98.90000000000001,20.303611),12521,1634,4252,389,2171,173,260,17.3388706972,,
9296,105,Kengtaung,99.687222,21.842222,"21? 50' 32""",Shan,,0,9296,99.687222,21.842222,POINT,(99.68722200000001,21.842222),19404,1401,10699,1505,10105,249,271,52.0768913626,,
25825,106,Kengtaung,100.359444,21.181667,"21? 10' 54""",Shan,,0,25825,100.359444,21.181667,POINT,(100.359444,21.181667),17196,2421,11637,1571,9576,237,309,55.6873691556,,
50180,107,Kengtaung,99.884167,20.453056,"20? 27' 11""",Shan,,0,50180,99.884167,20.453056,POINT,(99.88416700000001,20.453056),37673,13779,27229,2210,25555,2999,2758,67.8337270724,,
9090,108,Yangon,95.982778,17.0175,"17? 01' 03""",Yangon,,0,9090,95.982778,17.0175,POINT,(95.982778,17.0175),26781,8593,10628,760,4226,155,880,15.7798439192,,
9090,109,Yangon,95.982778,17.0175,"17? 01' 03""",Yangon,,0,9090,95.982778,17.0175,POINT,(95.982778,17.0175),34211,9038,17482,1107,12085,308,1652,35.3248955014,,
32725,110,Yangon,96.061944,16.546111,"16? 32' 46""",Yangon,,0,32725,96.061944,16.546111,POINT,(96.061944,16.546111),29792,11755,12933,1299,8972,263,760,30.1154672395,,
37401,111,Yangon,96.560556,16.905556,"16? 54' 20""",Yangon,,0,37401,96.560556,16.905556,POINT,(96.56055600000001,16.905556),39314,15356,18446,2006,11113,526,1376,28.2672839192,,
14838,112,Yangon,96.011944,16.439444,"16? 26' 22""",Yangon,,0,14838,96.011944,16.439444,POINT,(96.011944,16.439444),28352,10231,10921,1401,9501,216,838,33.5108634312,,
63751,113,Yangon,95.963333,17.3125,"17? 18' 45""",Yangon,,0,63751,95.963333,17.3125,POINT,(95.96333300000001,17.3125),66999,19566,29482,2654,19843,904,2721,29.6168599531,,
65510,114,Yangon,96.251944,16.763889,"16? 45' 50""",Yangon,,0,65510,96.251944,16.763889,POINT,(96.25194399999999,16.763889),61597,12407,40478,2406,34221,3308,6175,55.5562770914,,
39651,115,Yangon,96.523056,16.758611,"16? 45' 31""",Yangon,,0,39651,96.523056,16.758611,POINT,(96.523056,16.758611),40087,13950,20240,2254,12578,604,1785,31.3767555567,,
39651,116,Yangon,95.930556,16.707222,"16? 42' 26""",Yangon,,0,39651,95.930556,16.707222,POINT,(95.930556,16.707222),51602,20369,27114,2740,16828,591,1947,32.6111391031,,
39930,117,Mandalay,96.095833,21.939444,"21? 56' 22""",Mandalay,,0,39930,96.095833,21.939444,POINT,(96.095833,21.939444),61961,32109,23923,2859,19350,731,1330,31.2293216701,,
35181,118,Mandalay,95.132222,20.8425,"20? 50' 33""",Mandalay,,0,35181,95.132222,20.8425,POINT,(95.132222,20.8425),57765,20786,32348,1069,23029,1520,4523,39.8667012897,,
21662,119,Mandalay,96.11,19.634722,"19? 38' 05""",Mandalay,,0,21662,96.11,19.634722,POINT,(96.11,19.634722),58645,23938,29163,2167,15334,629,2101,26.1471566203,,
12014,120,Mandalay,96.091111,21.958889,"21? 57' 32""",Mandalay,,0,12014,96.091111,21.958889,POINT,(96.091111,21.958889),33327,17940,13999,1973,5134,376,636,15.4049269361,,
187728,121,Mandalay,95.646944,21.098611,"21? 05' 55""",Mandalay,,0,187728,95.646944,21.098611,POINT,(95.646944,21.098611),68439,30247,37173,3216,27623,2256,4548,40.3614897938,,
75372,122,Mandalay,95.863056,20.881944,"20? 52' 55""",Mandalay,,0,75372,95.863056,20.881944,POINT,(95.863056,20.881944),35247,9219,22693,1585,14888,1394,3433,42.2390558062,,
91370,123,Mandalay,96.505278,22.921389,"22? 55' 17""",Mandalay,,0,91370,96.505278,22.921389,POINT,(96.505278,22.921389),62340,26801,27372,2714,20665,1081,1275,33.1488610844,,
17889,124,Mandalay,95.391667,21.4575,"21? 27' 27""",Mandalay,,0,17889,95.391667,21.4575,POINT,(95.391667,21.4575),46017,17847,23604,963,13079,474,1250,28.4221048743,,
13037,125,Mandalay,96.130833,21.424167,"21? 25' 27""",Mandalay,,0,13037,96.130833,21.424167,POINT,(96.130833,21.424167),40965,20225,16025,2027,10587,263,462,25.844013182,,
6731,126,Mandalay,95.654444,21.423611,"21? 25' 25""",Mandalay,,0,6731,95.654444,21.423611,POINT,(95.654444,21.423611),27838,13882,9437,1172,5093,155,317,18.2951361448,,
46951,127,Mandalay,95.685,21.896944,"21? 53' 49""",Mandalay,,0,46951,95.685,21.896944,POINT,(95.685,21.896944),54473,26744,19511,1976,18059,1002,1919,33.1522038441,,
13489,128,Mandalay,94.91,21.195556,"21? 11' 44""",Mandalay,,0,13489,94.91,21.195556,POINT,(94.91,21.195556),52990,18331,32719,1482,30026,1723,6208,56.6635214191,,
30316,129,Mandalay,96.154167,22.0125,"22? 00' 45""",Mandalay,,0,30316,96.154167,22.0125,POINT,(96.154167,22.0125),58863,28636,20989,1795,15515,542,1493,26.3578139069,,
267073,130,Mandalay,96.130278,21.613333,"21? 36' 48""",Mandalay,,0,267073,96.130278,21.613333,POINT,(96.130278,21.613333),65174,29022,25002,2111,20475,857,1640,31.4159020468,,
151544,131,Mandalay,96.104167,21.901944,"21? 54' 07""",Mandalay,,0,151544,96.104167,21.901944,POINT,(96.104167,21.901944),39663,12503,24138,2896,19120,1867,3753,48.2061367017,,
20789,132,Mandalay,95.973611,21.818889,"21? 49' 08""",Mandalay,,0,20789,95.973611,21.818889,POINT,(95.97361100000001,21.818889),51747,22626,19819,1280,18168,809,2581,35.1092816975,,
127295,133,Mandalay,96.208889,19.736111,"19? 44' 10""",Mandalay,,0,127295,96.208889,19.736111,POINT,(96.208889,19.736111),53382,18200,38509,2757,35827,4006,5727,67.1143831254,,
6333,134,Mandalay,96.456389,22.013889,"22? 00' 50""",Mandalay,,0,6333,96.456389,22.013889,POINT,(96.456389,22.013889),34533,12573,14466,1707,8437,378,1047,24.4317030087,,
7417,135,Mandalay,95.998889,22.549722,"22? 32' 59""",Mandalay,,0,7417,95.998889,22.549722,POINT,(95.99888900000001,22.549722),33579,12650,19676,790,14191,795,2151,42.2615325054,,
10251,136,Mandalay,96.103611,21.731111,"21? 43' 52""",Mandalay,,0,10251,96.103611,21.731111,POINT,(96.103611,21.731111),32627,15446,15729,798,10158,353,1693,31.1337236032,,
16547,137,Mandalay,96.203056,20.130278,"20? 07' 49""",Mandalay,,0,16547,96.203056,20.130278,POINT,(96.203056,20.130278),49852,26657,14528,1923,11643,349,697,23.3551311883,,
12304,138,Mandalay,95.445278,21.276111,"21? 16' 34""",Mandalay,,0,12304,95.445278,21.276111,POINT,(95.445278,21.276111),33141,10004,13540,1465,3559,405,160,10.7389638212,,
18559,139,Mandalay,95.975278,22.885833,"22? 53' 09""",Mandalay,,0,18559,95.975278,22.885833,POINT,(95.975278,22.885833),44892,20419,18880,1377,12542,520,1364,27.9381627016,,
25672,140,Mandalay,96.058333,20.850278,"20? 51' 01""",Mandalay,,0,25672,96.058333,20.850278,POINT,(96.058333,20.850278),53569,24940,21342,2179,13075,457,1858,24.4077731524,,
17377,141,Mandalay,96.03,21.096944,"21? 05' 49""",Mandalay,,0,17377,96.03,21.096944,POINT,(96.03,21.096944),57259,29768,19224,1236,12993,506,676,22.6916292635,,
12,142,Monywa,163991,95.139722,"22? 07' 18""",Mandalay,Sagaing,Region,12,163991,95.139722,22.121667,POINT,(95.13972200000001,22.121667),75962,31197,46306,5218,38578,4169,5721,50.7859192754,
8606,143,Monywa,95.447222,22.285278,"22? 17' 07""",Mandalay,,0,8606,95.447222,22.285278,POINT,(95.447222,22.285278),35591,17807,10042,721,4799,199,404,13.4837458908,,
19908,144,Monywa,95.857778,24.399722,"24? 23' 59""",Mandalay,,0,19908,95.857778,24.399722,POINT,(95.857778,24.399722),18868,5357,11220,685,745,169,27,3.9484842061,,
5177,145,Monywa,95.144722,22.387778,"22? 23' 16""",Mandalay,,0,5177,95.144722,22.387778,POINT,(95.144722,22.387778),28616,15134,7778,928,4073,224,570,14.2332960581,,
19738,146,Monywa,95.273611,21.956944,"21? 57' 25""",Mandalay,,0,19738,95.273611,21.956944,POINT,(95.273611,21.956944),23376,12281,8561,1075,6805,280,617,29.1110540726,,
7896,147,Monywa,95.695556,25.9925,"25? 59' 33""",Mandalay,,0,7896,95.695556,25.9925,POINT,(95.695556,25.9925),7361,2282,3330,166,1418,172,71,19.263686999,,
15443,148,Monywa,94.910833,24.864444,"24? 51' 52""",Mandalay,,0,15443,94.910833,24.864444,POINT,(94.910833,24.864444),35743,12251,19432,1289,4005,546,331,11.2049911871,,
60485,149,Monywa,96.141667,24.2225,"24? 13' 21""",Mandalay,,0,60485,96.141667,24.2225,POINT,(96.141667,24.2225),23230,7599,13310,1250,5194,300,869,22.3590185105,,
101340,150,Monywa,94.064722,23.186389,"23? 11' 11""",Mandalay,,0,101340,94.064722,23.186389,POINT,(94.064722,23.186389),72769,21717,36478,2985,26902,2124,3232,36.9690390139,,
8558,151,Monywa,94.2975,23.202222,"23? 12' 08""",Mandalay,,0,8558,94.2975,23.202222,POINT,(94.2975,23.202222),11735,5405,4581,495,1865,114,145,15.8926288879,,
61699,152,Monywa,95.518889,23.203056,"23? 12' 11""",Mandalay,,0,61699,95.518889,23.203056,POINT,(95.518889,23.203056),61326,26656,19965,2416,8773,554,1000,14.3055147898,,
152354,153,Monywa,94.848333,22.432778,"22? 25' 58""",Mandalay,,0,152354,94.848333,22.432778,POINT,(94.848333,22.432778),29223,19056,7202,1337,2637,175,231,9.0237141977,,
12864,154,Monywa,96.331667,24.181667,"24? 10' 54""",Mandalay,,0,12864,96.331667,24.181667,POINT,(96.331667,24.181667),31961,16415,17304,1246,7934,491,1301,24.8240042552,,
20146,155,Monywa,95.683333,23.790278,"23? 47' 25""",Mandalay,,0,20146,95.683333,23.790278,POINT,(95.683333,23.790278),31403,8979,18027,2120,6229,562,835,19.8356844887,,
6059,156,Monywa,95.621389,22.770278,"22? 46' 13""",Mandalay,,0,6059,95.621389,22.770278,POINT,(95.62138899999999,22.770278),32624,14242,10055,1160,4689,185,648,14.3728543404,,
11310,157,Monywa,95.532222,23.319722,"23? 19' 11""",Mandalay,,0,11310,95.532222,23.319722,POINT,(95.532222,23.319722),20863,8631,8580,1197,3376,186,503,16.1817571778,,
41273,158,Monywa,95.441111,26.325833,"26? 19' 33""",Mandalay,,0,41273,95.441111,26.325833,POINT,(95.44111100000001,26.325833),8932,1215,501,38,787,29,4,8.8110165696,,
0,159,Monywa,3677,94.951111,"94? 57' 04""","25? 26' 42""",Mandalay,,0,3677,94.951111,25.445,POINT,(94.951111,25.445),1966,607,257,11,90,14,2,4.5778229908,
12254,160,Monywa,94.411944,23.635,"23? 38' 06""",Mandalay,,0,12254,94.411944,23.635,POINT,(94.41194400000001,23.635),10345,5211,4779,199,1840,134,306,17.7863702272,,
3392,161,Monywa,94.490833,22.879444,"22? 52' 46""",Mandalay,,0,3392,94.490833,22.879444,POINT,(94.49083299999999,22.879444),22058,12165,6123,558,354,123,16,1.6048599148,,
9799,162,Monywa,95.421389,21.833333,"21? 50' 00""",Mandalay,,0,9799,95.421389,21.833333,POINT,(95.421389,21.833333),24262,14735,7616,1137,3278,188,276,13.5108399967,,
13906,163,Monywa,95.575833,21.925278,"21? 55' 31""",Mandalay,,0,13906,95.575833,21.925278,POINT,(95.575833,21.925278),25304,12969,10031,967,5655,278,415,22.3482453367,,
4509,164,Monywa,96.166944,26.979722,"26? 58' 47""",Mandalay,,0,4509,96.166944,26.979722,POINT,(96.166944,26.979722),7840,1001,342,44,170,29,6,2.1683673469,,
4038,165,Monywa,94.875,21.934167,"21? 56' 03""",Mandalay,,0,4038,94.875,21.934167,POINT,(94.875,21.934167),32362,18218,9412,1166,3731,229,682,11.5289537111,,
11895,166,Monywa,94.821111,24.262222,"24? 15' 44""",Mandalay,,0,11895,94.821111,24.262222,POINT,(94.821111,24.262222),20246,9267,6099,398,371,164,53,1.832460733,,
6161,167,Monywa,95.370556,24.076944,"24? 04' 37""",Mandalay,,0,6161,95.370556,24.076944,POINT,(95.37055599999999,24.076944),21900,6323,10360,395,1480,156,43,6.7579908676,,
62544,168,Monywa,95.962222,21.88,"21? 52' 48""",Mandalay,,0,62544,95.962222,21.88,POINT,(95.962222,21.88),65143,24857,37362,2362,26224,1542,1034,40.2560520701,,
5773,169,Monywa,95.088056,21.973889,"21? 58' 26""",Mandalay,,0,5773,95.088056,21.973889,POINT,(95.08805599999999,21.973889),26467,14374,11739,552,5762,482,1004,21.7705066687,,
36427,170,Monywa,95.698611,22.57,"22? 34' 12""",Mandalay,,0,36427,95.698611,22.57,POINT,(95.698611,22.57),57297,20187,26762,2619,16846,1236,2657,29.4011902892,,
3985,171,Monywa,95.321111,22.685278,"22? 41' 07""",Mandalay,,0,3985,95.321111,22.685278,POINT,(95.321111,22.685278),30345,13852,7924,973,4322,228,732,14.24287362,,
100779,172,Monywa,94.315278,24.211389,"24? 12' 41""",Mandalay,,0,100779,94.315278,24.211389,POINT,(94.31527800000001,24.211389),22591,6514,10938,1091,7259,553,798,32.1322650613,,
60322,173,Monywa,95.405,22.945556,"22? 56' 44""",Mandalay,,0,60322,95.405,22.945556,POINT,(95.405,22.945556),35937,16857,10845,1821,5559,307,533,15.4687369563,,
15278,174,Monywa,96.151111,23.758889,"23? 45' 32""",Mandalay,,0,15278,96.151111,23.758889,POINT,(96.151111,23.758889),26389,7999,15239,1044,5216,253,916,19.7658115124,,
56541,175,Monywa,95.788056,22.367222,"22? 22' 02""",Mandalay,,0,56541,95.788056,22.367222,POINT,(95.788056,22.367222),46712,24510,15997,1563,7460,344,1051,15.9702003768,,
11380,176,Monywa,95.688889,23.898333,"23? 53' 54""",Mandalay,,0,11380,95.688889,23.898333,POINT,(95.688889,23.898333),14205,3538,8855,630,3344,167,673,23.5410066878,,
18526,177,Monywa,95.430556,22.769167,"22? 46' 09""",Mandalay,,0,18526,95.430556,22.769167,POINT,(95.430556,22.769167),26373,11910,9919,1369,6047,311,728,22.9287528912,,
6349,178,Monywa,94.900278,22.077778,"22? 04' 40""",Mandalay,,0,6349,94.900278,22.077778,POINT,(94.900278,22.077778),29532,18628,8793,1060,4346,283,572,14.7162400108,,
(East),179,Bago,13,220159,"17? 20' 09""",Bago,Bago,Region,(East),13,220159,96.483889,17.335833,POINT,(96.483889,17.335833),107132,31032,59797,5382,51250,3432,9363,47.8381809357
101760,180,Bago,96.669722,17.789722,"17? 47' 23""",Bago,,0,101760,96.669722,17.789722,POINT,(96.66972199999999,17.789722),45753,17095,18361,1784,10442,458,1666,22.8225471554,,
9478,181,Bago,96.466389,17.089722,"17? 05' 23""",Bago,,0,9478,96.466389,17.089722,POINT,(96.46638900000001,17.089722),46075,19131,18756,2470,5475,254,536,11.882799783,,
11609,182,Bago,96.769444,18.327222,"18? 19' 38""",Bago,,0,11609,96.769444,18.327222,POINT,(96.76944399999999,18.327222),22883,7069,7204,1186,3344,185,647,14.6134685137,,
38912,183,Bago,96.613889,18.158611,"18? 09' 31""",Bago,,0,38912,96.613889,18.158611,POINT,(96.613889,18.158611),51648,17147,17894,1869,10276,412,247,19.89622057,,
204827,184,Bago,96.721389,17.953333,"17? 57' 12""",Bago,,0,204827,96.721389,17.953333,POINT,(96.721389,17.953333),44762,18248,16488,2169,12455,432,316,27.824940798,,
19595,185,Bago,96.413611,18.833056,"18? 49' 59""",Bago,,0,19595,96.413611,18.833056,POINT,(96.413611,18.833056),36870,12099,15520,736,8414,389,1592,22.8207214538,,
25321,186,Bago,96.435833,18.484444,"18? 29' 04""",Bago,,0,25321,96.435833,18.484444,POINT,(96.435833,18.484444),54931,15862,23918,2288,14434,838,2806,26.2766015547,,
26261,187,Bago,96.877778,17.923056,"17? 55' 23""",Bago,,0,26261,96.877778,17.923056,POINT,(96.87777800000001,17.923056),21782,8759,8852,1128,5097,252,717,23.4000550914,,
121154,188,Bago,96.433056,18.939444,"18? 56' 22""",Bago,,0,121154,96.433056,18.939444,POINT,(96.43305599999999,18.939444),57460,17163,33383,2548,25414,1948,4697,44.2290288897,,
26318,189,Bago,96.576667,17.289167,"17? 17' 21""",Bago,,0,26318,96.576667,17.289167,POINT,(96.576667,17.289167),32527,12500,13422,1436,4989,196,806,15.33802687,,
60560,190,Bago,96.682222,17.483611,"17? 29' 01""",Bago,,0,60560,96.682222,17.483611,POINT,(96.682222,17.483611),37083,15383,16471,1676,7037,254,720,18.9763503492,,
150309,191,Bago,96.342222,19.156944,"19? 09' 25""",Bago,,0,150309,96.342222,19.156944,POINT,(96.34222200000001,19.156944),50527,16350,23670,1400,14665,556,2298,29.0240861322,,
(West),192,Pyay,14,148639,"18? 49' 17""",Bago,Bago,Region,(West),14,148639,95.221111,18.821389,POINT,(95.22111099999999,18.821389),58557,22457,40232,3393,24980,2289,4856,42.6592892395
38785,193,Pyay,95.6525,18.23,"18? 13' 48""",Bago,,0,38785,95.6525,18.23,POINT,(95.6525,18.23),30586,11371,13592,1003,8673,326,1049,28.3561106389,,
24995,194,Pyay,95.745278,17.778889,"17? 46' 44""",Bago,,0,24995,95.745278,17.778889,POINT,(95.745278,17.778889),43484,18096,15564,1464,9324,291,1061,21.4423696072,,
40497,195,Pyay,95.709167,17.973889,"17? 58' 26""",Bago,,0,40497,95.709167,17.973889,POINT,(95.70916699999999,17.973889),30894,12461,11416,807,5968,189,665,19.3176668609,,
40497,196,Pyay,95.709167,17.973889,"17? 58' 26""",Bago,,0,40497,95.709167,17.973889,POINT,(95.70916699999999,17.973889),31622,14008,12932,749,10286,406,1498,32.5279868446,,
10908,197,Magway,95.036667,19.965556,"19? 57' 56""",Magway,,0,10908,95.036667,19.965556,POINT,(95.03666699999999,19.965556),30894,12461,11416,807,5968,189,665,19.3176668609,,
10908,198,Magway,95.036667,19.965556,"19? 57' 56""",Magway,,0,10908,95.036667,19.965556,POINT,(95.03666699999999,19.965556),31622,14008,12932,749,10286,406,1498,32.5279868446,,
85872,199,Pyay,95.511944,18.027222,"18? 01' 38""",Bago,,0,85872,95.511944,18.027222,POINT,(95.511944,18.027222),33287,15651,10898,827,4605,116,108,13.8342295791,,
17660,200,Pyay,95.547222,18.4275,"18? 25' 39""",Bago,,0,17660,95.547222,18.4275,POINT,(95.547222,18.4275),45769,20693,20514,1292,9688,284,1175,21.1671655487,,
17621,201,Pyay,95.671667,18.130278,"18? 07' 49""",Bago,,0,17621,95.671667,18.130278,POINT,(95.671667,18.130278),31894,11761,11944,722,7025,230,1171,22.0260864112,,
53506,202,Pyay,95.153611,18.718056,"18? 43' 05""",Bago,,0,53506,95.153611,18.718056,POINT,(95.153611,18.718056),38892,19303,22252,1352,9555,484,1273,24.5680345572,,
44393,203,Pyay,95.507222,18.489444,"18? 29' 22""",Bago,,0,44393,95.507222,18.489444,POINT,(95.507222,18.489444),36700,16651,15343,1116,7245,330,563,19.7411444142,,
46763,204,Pyay,95.214167,18.705,"18? 42' 18""",Bago,,0,46763,95.214167,18.705,POINT,(95.214167,18.705),33564,15911,17391,960,7187,357,1325,21.412823263,,
59125,205,Pyay,95.786389,17.654444,"17? 39' 16""",Bago,,0,59125,95.786389,17.654444,POINT,(95.786389,17.654444),36626,14081,13627,1113,8770,342,1193,23.9447387102,,
85872,206,Pyay,95.417222,18.646944,"18? 38' 49""",Bago,,0,85872,95.417222,18.646944,POINT,(95.417222,18.646944),35950,16978,17544,880,8338,270,1227,23.1933240612,,
23768,207,Pyay,95.623056,18.338333,"18? 20' 18""",Bago,,0,23768,95.623056,18.338333,POINT,(95.62305600000001,18.338333),18210,6374,9174,547,5203,170,499,28.5722130697,,
15,208,Magway,80727,94.926944,"20? 08' 25""",Magway,Magway,Region,15,80727,94.926944,20.140278,POINT,(94.92694400000001,20.140278),68677,25429,32612,3835,23646,2293,2156,34.430741005,
66018,209,Magway,95.216944,19.358611,"19? 21' 31""",Magway,,0,66018,95.216944,19.358611,POINT,(95.216944,19.358611),57609,20572,27148,1392,14800,652,2968,25.6904303147,,
44911,210,Magway,94.821111,20.902778,"20? 54' 10""",Magway,,0,44911,94.821111,20.902778,POINT,(94.821111,20.902778),44618,19272,17911,2226,11365,484,1388,25.4717826886,,
12401,211,Magway,94.135833,22.174167,"22? 10' 27""",Magway,,0,12401,94.135833,22.174167,POINT,(94.13583300000001,22.174167),29912,12828,13001,1110,8888,471,1799,29.7138272265,,
21841,212,Magway,95.095833,19.028889,"19? 01' 44""",Magway,,0,21841,95.095833,19.028889,POINT,(95.095833,19.028889),19143,11281,7784,699,2421,105,389,12.6469205454,,
67998,213,Magway,94.875278,20.171667,"20? 10' 18""",Magway,,0,67998,94.875278,20.171667,POINT,(94.87527799999999,20.171667),43817,16650,20033,1347,12635,756,1316,28.8358399708,,
17825,214,Magway,94.731944,19.346389,"19? 20' 47""",Magway,,0,17825,94.731944,19.346389,POINT,(94.731944,19.346389),16809,8449,5553,891,2869,87,656,17.0682372539,,
10088,215,Magway,94.854444,21.6125,"21? 36' 45""",Magway,,0,10088,94.854444,21.6125,POINT,(94.854444,21.6125),53641,30797,15412,1701,10134,431,1654,18.8922652449,,
14013,216,Magway,95.446944,20.199167,"20? 11' 57""",Magway,,0,14013,95.446944,20.199167,POINT,(95.446944,20.199167),36948,20770,9408,975,4782,144,928,12.9425138032,,
19003,217,Magway,95.399722,20.353333,"20? 21' 12""",Magway,,0,19003,95.399722,20.353333,POINT,(95.399722,20.353333),48426,28706,13157,1301,6572,257,985,13.5712220708,,
3910,218,Magway,94.467778,20.075278,"20? 04' 31""",Magway,,0,3910,94.467778,20.075278,POINT,(94.467778,20.075278),12457,5818,5051,397,3546,141,378,28.4659227743,,
159000,219,Magway,95.082222,21.335,"21? 20' 06""",Magway,,0,159000,95.082222,21.335,POINT,(95.082222,21.335),66340,27199,32417,3157,24697,1818,3774,37.2279167923,,
9359,220,Magway,94.473611,21.452222,"21? 27' 08""",Magway,,0,9359,94.473611,21.452222,POINT,(94.47361100000001,21.452222),38965,21126,8856,1255,4761,234,491,12.2186577698,,
6310,221,Magway,94.669444,20.363333,"20? 21' 48""",Magway,,0,6310,94.669444,20.363333,POINT,(94.669444,20.363333),39764,17346,16798,1155,9265,337,1551,23.2999698219,,
18746,222,Magway,94.659444,20.577222,"20? 34' 38""",Magway,,0,18746,94.659444,20.577222,POINT,(94.65944399999999,20.577222),55605,30172,17487,1726,8358,347,1368,15.0310223901,,
6986,223,Magway,94.155556,21.149722,"21? 08' 59""",Magway,,0,6986,94.155556,21.149722,POINT,(94.155556,21.149722),15934,9835,5860,526,4504,128,423,28.2665997239,,
12179,224,Magway,94.7925,20.906389,"20? 54' 23""",Magway,,0,12179,94.7925,20.906389,POINT,(94.7925,20.906389),23427,11514,5098,862,4558,223,321,19.4561830367,,
4697,225,Magway,94.245556,20.446667,"20? 26' 48""",Magway,,0,4697,94.245556,20.446667,POINT,(94.24555599999999,20.446667),10780,5194,2607,84,1135,62,20,10.5287569573,,
45368,226,Magway,95.546111,20.001944,"20? 00' 07""",Magway,,0,45368,95.546111,20.001944,POINT,(95.546111,20.001944),60263,31329,25156,2289,13243,624,1831,21.9753414201,,
30813,227,Magway,95.177222,19.321389,"19? 19' 17""",Magway,,0,30813,95.177222,19.321389,POINT,(95.177222,19.321389),25972,11609,11866,402,7174,270,932,27.6220545203,,
37000,228,Magway,94.092778,21.696389,"21? 41' 47""",Magway,,0,37000,94.092778,21.696389,POINT,(94.092778,21.696389),10532,6152,3294,400,2371,75,84,22.5123433346,,
51408,229,Magway,94.873056,20.458333,"20? 27' 30""",Magway,,0,51408,94.873056,20.458333,POINT,(94.87305600000001,20.458333),32500,13130,12818,1290,9514,455,1306,29.2738461538,,
52888,230,Magway,95.241667,21.633333,"21? 38' 00""",Magway,,0,52888,95.241667,21.633333,POINT,(95.24166700000001,21.633333),47332,27277,16364,1675,13420,443,2291,28.3529113496,,
16,231,Pathein,247992,94.733056,"16? 46' 45""",Pathein,Ayeyarwady,Region,16,247992,94.733056,16.779167,POINT,(94.733056,16.779167),85687,29087,46690,4229,36073,3099,7236,42.0985680442,
89740,232,Pathein,95.396667,16.295,"16? 17' 42""",Pathein,,0,89740,95.396667,16.295,POINT,(95.39666699999999,16.295),75987,28824,23541,3395,13022,796,1616,17.1371418795,,
22785,233,Pathein,95.595833,17.254722,"17? 15' 17""",Pathein,,0,22785,95.595833,17.254722,POINT,(95.595833,17.254722),44797,20123,17582,1856,8118,312,976,18.1217492243,,
24386,234,Pathein,95.885,16.408056,"16? 24' 29""",Pathein,,0,24386,95.885,16.408056,POINT,(95.88500000000001,16.408056),48610,22000,16700,2609,9507,315,623,19.5577041761,,
13125,235,Pathein,95.180556,16.896111,"16? 53' 46""",Pathein,,0,13125,95.180556,16.896111,POINT,(95.180556,16.896111),46455,20976,20259,2252,6996,333,727,15.0597352276,,
74943,236,Pathein,95.458056,17.649444,"17? 38' 58""",Pathein,,0,74943,95.458056,17.649444,POINT,(95.458056,17.649444),86129,30997,36954,3545,20238,1245,1073,23.4973121713,,
6454,237,Pathein,95.269167,17.809722,"17? 48' 35""",Pathein,,0,6454,95.269167,17.809722,POINT,(95.269167,17.809722),57229,23571,18767,2407,10201,456,1159,17.8248789949,,
10233,238,Pathein,94.894722,16.932778,"16? 55' 58""",Pathein,,0,10233,94.894722,16.932778,POINT,(94.894722,16.932778),42966,16291,19824,1328,9243,341,859,21.5123586091,,
27235,239,Pathein,95.726111,16.444444,"16? 26' 40""",Pathein,,0,27235,95.726111,16.444444,POINT,(95.726111,16.444444),43748,18654,18460,2617,7105,330,591,16.2407424339,,
20036,240,Pathein,95.239167,18.340278,"18? 20' 25""",Pathein,,0,20036,95.239167,18.340278,POINT,(95.23916699999999,18.340278),26857,13488,12581,1375,5253,402,259,19.5591465912,,
15289,241,Pathein,95.190278,17.107778,"17? 06' 28""",Pathein,,0,15289,95.190278,17.107778,POINT,(95.19027800000001,17.107778),41402,15627,17553,1107,8007,236,140,19.3396454278,,
23749,242,Pathein,95.2,17.3,"17? 18' 00""",Pathein,,0,23749,95.2,17.3,POINT,(95.2,17.3),59488,24532,24094,3357,8099,436,419,13.6145104895,,
2910,243,Pathein,95.174444,17.600278,"17? 36' 01""",Pathein,,0,2910,95.174444,17.600278,POINT,(95.17444399999999,17.600278),26244,11203,8726,724,3737,121,281,14.2394452065,,
41778,244,Pathein,95.649444,16.730278,"16? 43' 49""",Pathein,,0,41778,95.649444,16.730278,POINT,(95.649444,16.730278),71804,32526,30828,3761,13837,790,1781,19.2705141775,,
32366,245,Pathein,95.263056,16.378889,"16? 22' 44""",Pathein,,0,32366,95.263056,16.378889,POINT,(95.26305600000001,16.378889),74886,32829,24207,4604,10923,662,892,14.5861709799,,
22268,246,Pathein,95.317778,18.286944,"18? 17' 13""",Pathein,,0,22268,95.317778,18.286944,POINT,(95.317778,18.286944),59920,26172,22917,2003,9345,472,1456,15.5957943925,,
52279,247,Pathein,94.929722,16.599167,"16? 35' 57""",Pathein,,0,52279,94.929722,16.599167,POINT,(94.929722,16.599167),66172,25159,31392,2949,12187,768,1975,18.4171552923,,
51710,248,Pathein,95.633611,17.048889,"17? 02' 56""",Pathein,,0,51710,95.633611,17.048889,POINT,(95.633611,17.048889),51201,20706,24207,2019,13628,433,1533,26.6166676432,,
21813,249,Pathein,95.465833,16.982222,"16? 58' 56""",Pathein,,0,21813,95.465833,16.982222,POINT,(95.465833,16.982222),60277,30491,23795,4185,9242,819,1100,15.3325480697,,
59095,250,Pathein,95.683333,16.284167,"16? 17' 03""",Pathein,,0,59095,95.683333,16.284167,POINT,(95.683333,16.284167),69416,25476,24042,3214,15499,723,1982,22.3277054281,,
7045,251,Pathein,94.805833,17.047222,"17? 02' 50""",Pathein,,0,7045,94.805833,17.047222,POINT,(94.80583300000001,17.047222),37237,15034,13962,807,6634,156,66,17.8156135027,,
67414,252,Pathein,95.180278,16.603889,"16? 36' 14""",Pathein,,0,67414,95.180278,16.603889,POINT,(95.180278,16.603889),67448,31750,26500,2647,11395,415,863,16.894496501,,
10632,253,Pathein,95.120556,17.344444,"17? 20' 40""",Pathein,,0,10632,95.120556,17.344444,POINT,(95.12055599999999,17.344444),50715,20754,21026,3035,11242,822,1405,22.1670117322,,
22570,254,Pathein,95.556667,17.478056,"17? 28' 41""",Pathein,,0,22570,95.556667,17.478056,POINT,(95.556667,17.478056),42073,17700,15633,1912,8263,293,873,19.6396739001,,
17,255,Dawei,68314,98.196389,"14? 04' 39""",Thaningyi,Tanintharyi,Region,17,68314,98.196389,14.0775,POINT,(98.196389,14.0775),29133,11440,19161,2147,14190,1849,3549,48.7076511173,
18532,256,Dawei,98.761111,11.2625,"11? 15' 45""",Thaningyi,,0,18532,98.761111,11.2625,POINT,(98.761111,11.2625),15742,3908,5692,627,2728,206,390,17.3294371744,,
72857,257,Dawei,98.563889,10.011944,"10? 00' 43""",Thaningyi,,0,72857,98.563889,10.011944,POINT,(98.563889,10.011944),30346,6463,18215,1438,16523,1365,1066,54.4486917551,,
5104,258,Dawei,98.513333,11.787778,"11? 47' 16""",Thaningyi,,0,5104,98.513333,11.787778,POINT,(98.513333,11.787778),32988,11947,11552,1215,3872,275,472,11.7376015521,,
5212,259,Dawei,98.119722,13.975278,"13? 58' 31""",Thaningyi,,0,5212,98.119722,13.975278,POINT,(98.119722,13.975278),25735,10600,13818,852,7700,476,1597,29.9203419468,,
122754,260,Dawei,98.609722,12.441111,"12? 26' 28""",Thaningyi,,0,122754,98.609722,12.441111,POINT,(98.609722,12.441111),54349,19723,31076,2349,21639,2288,6343,39.8148999982,,
31611,261,Dawei,98.648333,12.969167,"12? 58' 09""",Thaningyi,,0,31611,98.648333,12.969167,POINT,(98.64833299999999,12.969167),25653,6886,11218,1202,5807,371,722,22.6367286477,,
7759,262,Dawei,99.016389,12.084167,"12? 05' 03""",Thaningyi,,0,7759,99.016389,12.084167,POINT,(99.016389,12.084167),19929,5820,6473,616,2942,236,443,14.7624065432,,
11239,263,Dawei,98.259722,13.867222,"13? 52' 02""",Thaningyi,,0,11239,98.259722,13.867222,POINT,(98.259722,13.867222),22874,8496,10464,827,4525,295,663,19.7822855644,,
7178,264,Dawei,98.038333,14.855556,"14? 51' 20""",Thaningyi,,0,7178,98.038333,14.855556,POINT,(98.03833299999999,14.855556),26350,10170,11426,849,4526,512,417,17.1764705882,,
